{"cameraMode":{"drawMode":0,"name":"Shaded","section":"Shading Mode"},"sceneLighting":true,"audioPlay":false,"sceneViewState":{"m_AlwaysRefresh":false,"showFog":true,"showSkybox":true,"showFlares":true,"showImageEffects":true,"showParticleSystems":true,"showVisualEffectGraphs":true,"m_FxEnabled":true},"in2DMode":false,"pivot":{"x":20.687551498413087,"y":6.568506240844727,"z":-4.408525466918945},"rotation":{"x":-0.04400494694709778,"y":-0.44605445861816409,"z":-0.021938620135188104,"w":0.8936734199523926},"size":1.2247449159622193,"orthographic":false}